Port Name,Full path name,Required Interface,Operations,Direction,Return Type
p_lighting_Init,Components::P_SW_Components::BodyControl::P10_SW_Arch_Public::lighting.p_lighting_Init,If_BCM_Lighting,Bcm_Lighting_Init,provided,void
p_lighting_GetMaxCurrentMa,Components::P_SW_Components::BodyControl::P10_SW_Arch_Public::lighting.p_lighting_GetMaxCurrentMa,If_BCM_Lighting,Bcm_Lighting_GetMaxCurrentMa,provided,uint16_t
p_lighting_SetMaxCurrentMa,Components::P_SW_Components::BodyControl::P10_SW_Arch_Public::lighting.p_lighting_SetMaxCurrentMa,If_BCM_Lighting,Bcm_Lighting_SetMaxCurrentMa,provided,void
p_lighting_GetDimRatePctS,Components::P_SW_Components::BodyControl::P10_SW_Arch_Public::lighting.p_lighting_GetDimRatePctS,If_BCM_Lighting,Bcm_Lighting_GetDimRatePctS,provided,uint16_t
p_lighting_SetDimRatePctS,Components::P_SW_Components::BodyControl::P10_SW_Arch_Public::lighting.p_lighting_SetDimRatePctS,If_BCM_Lighting,Bcm_Lighting_SetDimRatePctS,provided,void
p_lighting_GetFadeMs,Components::P_SW_Components::BodyControl::P10_SW_Arch_Public::lighting.p_lighting_GetFadeMs,If_BCM_Lighting,Bcm_Lighting_GetFadeMs,provided,uint16_t
p_lighting_SetFadeMs,Components::P_SW_Components::BodyControl::P10_SW_Arch_Public::lighting.p_lighting_SetFadeMs,If_BCM_Lighting,Bcm_Lighting_SetFadeMs,provided,void
p_lighting_ReadSwitch,Components::P_SW_Components::BodyControl::P10_SW_Arch_Public::lighting.p_lighting_ReadSwitch,If_BCM_Lighting,Bcm_Lighting_ReadSwitch,provided,uint16_t
p_lighting_ReadBusVoltage,Components::P_SW_Components::BodyControl::P10_SW_Arch_Public::lighting.p_lighting_ReadBusVoltage,If_BCM_Lighting,Bcm_Lighting_ReadBusVoltage,provided,uint16_t
p_lighting_ReadAmbientLux,Components::P_SW_Components::BodyControl::P10_SW_Arch_Public::lighting.p_lighting_ReadAmbientLux,If_BCM_Lighting,Bcm_Lighting_ReadAmbientLux,provided,uint16_t
p_lighting_Compute,Components::P_SW_Components::BodyControl::P10_SW_Arch_Public::lighting.p_lighting_Compute,If_BCM_Lighting,Bcm_Lighting_Compute,provided,uint16_t
p_lighting_LegacyReset,Components::P_SW_Components::BodyControl::P10_SW_Arch_Public::lighting.p_lighting_LegacyReset,If_BCM_Lighting,Bcm_Lighting_LegacyReset,provided,void
p_lighting_Step,Components::P_SW_Components::BodyControl::P10_SW_Arch_Public::lighting.p_lighting_Step,If_BCM_Lighting,Bcm_Lighting_Step,provided,void
p_lighting_GetState,Components::P_SW_Components::BodyControl::P10_SW_Arch_Public::lighting.p_lighting_GetState,If_BCM_Lighting,Bcm_Lighting_GetState,provided,Bcm_Lighting_State_t*
p_doors_Init,Components::P_SW_Components::BodyControl::P10_SW_Arch_Public::doors.p_doors_Init,If_BCM_Doors,Bcm_Doors_Init,provided,void
p_doors_GetLockTimeoutMs,Components::P_SW_Components::BodyControl::P10_SW_Arch_Public::doors.p_doors_GetLockTimeoutMs,If_BCM_Doors,Bcm_Doors_GetLockTimeoutMs,provided,uint16_t
p_doors_SetLockTimeoutMs,Components::P_SW_Components::BodyControl::P10_SW_Arch_Public::doors.p_doors_SetLockTimeoutMs,If_BCM_Doors,Bcm_Doors_SetLockTimeoutMs,provided,void
p_doors_GetAjarDebounce,Components::P_SW_Components::BodyControl::P10_SW_Arch_Public::doors.p_doors_GetAjarDebounce,If_BCM_Doors,Bcm_Doors_GetAjarDebounce,provided,uint16_t
p_doors_SetAjarDebounce,Components::P_SW_Components::BodyControl::P10_SW_Arch_Public::doors.p_doors_SetAjarDebounce,If_BCM_Doors,Bcm_Doors_SetAjarDebounce,provided,void
p_doors_ReadLatchState,Components::P_SW_Components::BodyControl::P10_SW_Arch_Public::doors.p_doors_ReadLatchState,If_BCM_Doors,Bcm_Doors_ReadLatchState,provided,uint16_t
p_doors_ReadHandlePull,Components::P_SW_Components::BodyControl::P10_SW_Arch_Public::doors.p_doors_ReadHandlePull,If_BCM_Doors,Bcm_Doors_ReadHandlePull,provided,uint16_t
p_doors_ReadLockBtn,Components::P_SW_Components::BodyControl::P10_SW_Arch_Public::doors.p_doors_ReadLockBtn,If_BCM_Doors,Bcm_Doors_ReadLockBtn,provided,uint16_t
p_doors_Compute,Components::P_SW_Components::BodyControl::P10_SW_Arch_Public::doors.p_doors_Compute,If_BCM_Doors,Bcm_Doors_Compute,provided,uint16_t
p_doors_LegacyReset,Components::P_SW_Components::BodyControl::P10_SW_Arch_Public::doors.p_doors_LegacyReset,If_BCM_Doors,Bcm_Doors_LegacyReset,provided,void
p_doors_Step,Components::P_SW_Components::BodyControl::P10_SW_Arch_Public::doors.p_doors_Step,If_BCM_Doors,Bcm_Doors_Step,provided,void
p_doors_GetState,Components::P_SW_Components::BodyControl::P10_SW_Arch_Public::doors.p_doors_GetState,If_BCM_Doors,Bcm_Doors_GetState,provided,Bcm_Doors_State_t*
p_wipers_Init,Components::P_SW_Components::BodyControl::P10_SW_Arch_Public::wipers.p_wipers_Init,If_BCM_Wipers,Bcm_Wipers_Init,provided,void
p_wipers_GetIntervalMs,Components::P_SW_Components::BodyControl::P10_SW_Arch_Public::wipers.p_wipers_GetIntervalMs,If_BCM_Wipers,Bcm_Wipers_GetIntervalMs,provided,uint16_t
p_wipers_SetIntervalMs,Components::P_SW_Components::BodyControl::P10_SW_Arch_Public::wipers.p_wipers_SetIntervalMs,If_BCM_Wipers,Bcm_Wipers_SetIntervalMs,provided,void
p_wipers_GetParkOffsetDeg,Components::P_SW_Components::BodyControl::P10_SW_Arch_Public::wipers.p_wipers_GetParkOffsetDeg,If_BCM_Wipers,Bcm_Wipers_GetParkOffsetDeg,provided,uint16_t
p_wipers_SetParkOffsetDeg,Components::P_SW_Components::BodyControl::P10_SW_Arch_Public::wipers.p_wipers_SetParkOffsetDeg,If_BCM_Wipers,Bcm_Wipers_SetParkOffsetDeg,provided,void
p_wipers_GetSpeedHigh,Components::P_SW_Components::BodyControl::P10_SW_Arch_Public::wipers.p_wipers_GetSpeedHigh,If_BCM_Wipers,Bcm_Wipers_GetSpeedHigh,provided,uint16_t
p_wipers_SetSpeedHigh,Components::P_SW_Components::BodyControl::P10_SW_Arch_Public::wipers.p_wipers_SetSpeedHigh,If_BCM_Wipers,Bcm_Wipers_SetSpeedHigh,provided,void
p_wipers_ReadRainLevel,Components::P_SW_Components::BodyControl::P10_SW_Arch_Public::wipers.p_wipers_ReadRainLevel,If_BCM_Wipers,Bcm_Wipers_ReadRainLevel,provided,uint16_t
p_wipers_ReadParkSwitch,Components::P_SW_Components::BodyControl::P10_SW_Arch_Public::wipers.p_wipers_ReadParkSwitch,If_BCM_Wipers,Bcm_Wipers_ReadParkSwitch,provided,uint16_t
p_wipers_ReadMotorLoad,Components::P_SW_Components::BodyControl::P10_SW_Arch_Public::wipers.p_wipers_ReadMotorLoad,If_BCM_Wipers,Bcm_Wipers_ReadMotorLoad,provided,uint16_t
p_wipers_Compute,Components::P_SW_Components::BodyControl::P10_SW_Arch_Public::wipers.p_wipers_Compute,If_BCM_Wipers,Bcm_Wipers_Compute,provided,uint16_t
p_wipers_LegacyReset,Components::P_SW_Components::BodyControl::P10_SW_Arch_Public::wipers.p_wipers_LegacyReset,If_BCM_Wipers,Bcm_Wipers_LegacyReset,provided,void
p_wipers_Step,Components::P_SW_Components::BodyControl::P10_SW_Arch_Public::wipers.p_wipers_Step,If_BCM_Wipers,Bcm_Wipers_Step,provided,void
p_wipers_GetState,Components::P_SW_Components::BodyControl::P10_SW_Arch_Public::wipers.p_wipers_GetState,If_BCM_Wipers,Bcm_Wipers_GetState,provided,Bcm_Wipers_State_t*
p_windows_Init,Components::P_SW_Components::BodyControl::P10_SW_Arch_Public::windows.p_windows_Init,If_BCM_Windows,Bcm_Windows_Init,provided,void
p_windows_GetMaxDuty,Components::P_SW_Components::BodyControl::P10_SW_Arch_Public::windows.p_windows_GetMaxDuty,If_BCM_Windows,Bcm_Windows_GetMaxDuty,provided,uint16_t
p_windows_SetMaxDuty,Components::P_SW_Components::BodyControl::P10_SW_Arch_Public::windows.p_windows_SetMaxDuty,If_BCM_Windows,Bcm_Windows_SetMaxDuty,provided,void
p_windows_GetPinchThreshMa,Components::P_SW_Components::BodyControl::P10_SW_Arch_Public::windows.p_windows_GetPinchThreshMa,If_BCM_Windows,Bcm_Windows_GetPinchThreshMa,provided,uint16_t
p_windows_SetPinchThreshMa,Components::P_SW_Components::BodyControl::P10_SW_Arch_Public::windows.p_windows_SetPinchThreshMa,If_BCM_Windows,Bcm_Windows_SetPinchThreshMa,provided,void
p_windows_GetAutoStopMm,Components::P_SW_Components::BodyControl::P10_SW_Arch_Public::windows.p_windows_GetAutoStopMm,If_BCM_Windows,Bcm_Windows_GetAutoStopMm,provided,uint16_t
p_windows_SetAutoStopMm,Components::P_SW_Components::BodyControl::P10_SW_Arch_Public::windows.p_windows_SetAutoStopMm,If_BCM_Windows,Bcm_Windows_SetAutoStopMm,provided,void
p_windows_ReadHallPos,Components::P_SW_Components::BodyControl::P10_SW_Arch_Public::windows.p_windows_ReadHallPos,If_BCM_Windows,Bcm_Windows_ReadHallPos,provided,uint16_t
p_windows_ReadCurrent,Components::P_SW_Components::BodyControl::P10_SW_Arch_Public::windows.p_windows_ReadCurrent,If_BCM_Windows,Bcm_Windows_ReadCurrent,provided,uint16_t
p_windows_ReadUpBtn,Components::P_SW_Components::BodyControl::P10_SW_Arch_Public::windows.p_windows_ReadUpBtn,If_BCM_Windows,Bcm_Windows_ReadUpBtn,provided,uint16_t
p_windows_ReadDownBtn,Components::P_SW_Components::BodyControl::P10_SW_Arch_Public::windows.p_windows_ReadDownBtn,If_BCM_Windows,Bcm_Windows_ReadDownBtn,provided,uint16_t
p_windows_Compute,Components::P_SW_Components::BodyControl::P10_SW_Arch_Public::windows.p_windows_Compute,If_BCM_Windows,Bcm_Windows_Compute,provided,uint16_t
p_windows_LegacyReset,Components::P_SW_Components::BodyControl::P10_SW_Arch_Public::windows.p_windows_LegacyReset,If_BCM_Windows,Bcm_Windows_LegacyReset,provided,void
p_windows_Step,Components::P_SW_Components::BodyControl::P10_SW_Arch_Public::windows.p_windows_Step,If_BCM_Windows,Bcm_Windows_Step,provided,void
p_windows_GetState,Components::P_SW_Components::BodyControl::P10_SW_Arch_Public::windows.p_windows_GetState,If_BCM_Windows,Bcm_Windows_GetState,provided,Bcm_Windows_State_t*
p_mirrors_Init,Components::P_SW_Components::BodyControl::P10_SW_Arch_Public::mirrors.p_mirrors_Init,If_BCM_Mirrors,Bcm_Mirrors_Init,provided,void
p_mirrors_GetFoldAngle,Components::P_SW_Components::BodyControl::P10_SW_Arch_Public::mirrors.p_mirrors_GetFoldAngle,If_BCM_Mirrors,Bcm_Mirrors_GetFoldAngle,provided,uint16_t
p_mirrors_SetFoldAngle,Components::P_SW_Components::BodyControl::P10_SW_Arch_Public::mirrors.p_mirrors_SetFoldAngle,If_BCM_Mirrors,Bcm_Mirrors_SetFoldAngle,provided,void
p_mirrors_GetHeatPwm,Components::P_SW_Components::BodyControl::P10_SW_Arch_Public::mirrors.p_mirrors_GetHeatPwm,If_BCM_Mirrors,Bcm_Mirrors_GetHeatPwm,provided,uint16_t
p_mirrors_SetHeatPwm,Components::P_SW_Components::BodyControl::P10_SW_Arch_Public::mirrors.p_mirrors_SetHeatPwm,If_BCM_Mirrors,Bcm_Mirrors_SetHeatPwm,provided,void
p_mirrors_ReadFoldSwitch,Components::P_SW_Components::BodyControl::P10_SW_Arch_Public::mirrors.p_mirrors_ReadFoldSwitch,If_BCM_Mirrors,Bcm_Mirrors_ReadFoldSwitch,provided,uint16_t
p_mirrors_ReadTiltPot,Components::P_SW_Components::BodyControl::P10_SW_Arch_Public::mirrors.p_mirrors_ReadTiltPot,If_BCM_Mirrors,Bcm_Mirrors_ReadTiltPot,provided,uint16_t
p_mirrors_Compute,Components::P_SW_Components::BodyControl::P10_SW_Arch_Public::mirrors.p_mirrors_Compute,If_BCM_Mirrors,Bcm_Mirrors_Compute,provided,uint16_t
p_mirrors_LegacyReset,Components::P_SW_Components::BodyControl::P10_SW_Arch_Public::mirrors.p_mirrors_LegacyReset,If_BCM_Mirrors,Bcm_Mirrors_LegacyReset,provided,void
p_mirrors_Step,Components::P_SW_Components::BodyControl::P10_SW_Arch_Public::mirrors.p_mirrors_Step,If_BCM_Mirrors,Bcm_Mirrors_Step,provided,void
p_mirrors_GetState,Components::P_SW_Components::BodyControl::P10_SW_Arch_Public::mirrors.p_mirrors_GetState,If_BCM_Mirrors,Bcm_Mirrors_GetState,provided,Bcm_Mirrors_State_t*
p_torque_Init,Components::P_SW_Components::Powertrain::P10_SW_Arch_Public::torque.p_torque_Init,If_PWT_Torque,Pwt_Torque_Init,provided,void
p_torque_GetMaxTorqueNm,Components::P_SW_Components::Powertrain::P10_SW_Arch_Public::torque.p_torque_GetMaxTorqueNm,If_PWT_Torque,Pwt_Torque_GetMaxTorqueNm,provided,uint16_t
p_torque_SetMaxTorqueNm,Components::P_SW_Components::Powertrain::P10_SW_Arch_Public::torque.p_torque_SetMaxTorqueNm,If_PWT_Torque,Pwt_Torque_SetMaxTorqueNm,provided,void
p_torque_GetRateLimitNmS,Components::P_SW_Components::Powertrain::P10_SW_Arch_Public::torque.p_torque_GetRateLimitNmS,If_PWT_Torque,Pwt_Torque_GetRateLimitNmS,provided,uint16_t
p_torque_SetRateLimitNmS,Components::P_SW_Components::Powertrain::P10_SW_Arch_Public::torque.p_torque_SetRateLimitNmS,If_PWT_Torque,Pwt_Torque_SetRateLimitNmS,provided,void
p_torque_GetRegenGain,Components::P_SW_Components::Powertrain::P10_SW_Arch_Public::torque.p_torque_GetRegenGain,If_PWT_Torque,Pwt_Torque_GetRegenGain,provided,uint16_t
p_torque_SetRegenGain,Components::P_SW_Components::Powertrain::P10_SW_Arch_Public::torque.p_torque_SetRegenGain,If_PWT_Torque,Pwt_Torque_SetRegenGain,provided,void
p_torque_ReadPedalPct,Components::P_SW_Components::Powertrain::P10_SW_Arch_Public::torque.p_torque_ReadPedalPct,If_PWT_Torque,Pwt_Torque_ReadPedalPct,provided,uint16_t
p_torque_ReadWheelSpeed,Components::P_SW_Components::Powertrain::P10_SW_Arch_Public::torque.p_torque_ReadWheelSpeed,If_PWT_Torque,Pwt_Torque_ReadWheelSpeed,provided,uint16_t
p_torque_ReadMotorRpm,Components::P_SW_Components::Powertrain::P10_SW_Arch_Public::torque.p_torque_ReadMotorRpm,If_PWT_Torque,Pwt_Torque_ReadMotorRpm,provided,uint16_t
p_torque_Compute,Components::P_SW_Components::Powertrain::P10_SW_Arch_Public::torque.p_torque_Compute,If_PWT_Torque,Pwt_Torque_Compute,provided,uint16_t
p_torque_LegacyReset,Components::P_SW_Components::Powertrain::P10_SW_Arch_Public::torque.p_torque_LegacyReset,If_PWT_Torque,Pwt_Torque_LegacyReset,provided,void
p_torque_Step,Components::P_SW_Components::Powertrain::P10_SW_Arch_Public::torque.p_torque_Step,If_PWT_Torque,Pwt_Torque_Step,provided,void
p_torque_GetState,Components::P_SW_Components::Powertrain::P10_SW_Arch_Public::torque.p_torque_GetState,If_PWT_Torque,Pwt_Torque_GetState,provided,Pwt_Torque_State_t*
p_throttle_Init,Components::P_SW_Components::Powertrain::P10_SW_Arch_Public::throttle.p_throttle_Init,If_PWT_Throttle,Pwt_Throttle_Init,provided,void
p_throttle_GetDeadbandPct,Components::P_SW_Components::Powertrain::P10_SW_Arch_Public::throttle.p_throttle_GetDeadbandPct,If_PWT_Throttle,Pwt_Throttle_GetDeadbandPct,provided,uint16_t
p_throttle_SetDeadbandPct,Components::P_SW_Components::Powertrain::P10_SW_Arch_Public::throttle.p_throttle_SetDeadbandPct,If_PWT_Throttle,Pwt_Throttle_SetDeadbandPct,provided,void
p_throttle_GetGainNum,Components::P_SW_Components::Powertrain::P10_SW_Arch_Public::throttle.p_throttle_GetGainNum,If_PWT_Throttle,Pwt_Throttle_GetGainNum,provided,uint16_t
p_throttle_SetGainNum,Components::P_SW_Components::Powertrain::P10_SW_Arch_Public::throttle.p_throttle_SetGainNum,If_PWT_Throttle,Pwt_Throttle_SetGainNum,provided,void
p_throttle_GetGainDen,Components::P_SW_Components::Powertrain::P10_SW_Arch_Public::throttle.p_throttle_GetGainDen,If_PWT_Throttle,Pwt_Throttle_GetGainDen,provided,uint16_t
p_throttle_SetGainDen,Components::P_SW_Components::Powertrain::P10_SW_Arch_Public::throttle.p_throttle_SetGainDen,If_PWT_Throttle,Pwt_Throttle_SetGainDen,provided,void
p_throttle_ReadPedalRaw,Components::P_SW_Components::Powertrain::P10_SW_Arch_Public::throttle.p_throttle_ReadPedalRaw,If_PWT_Throttle,Pwt_Throttle_ReadPedalRaw,provided,uint16_t
p_throttle_ReadTpsA,Components::P_SW_Components::Powertrain::P10_SW_Arch_Public::throttle.p_throttle_ReadTpsA,If_PWT_Throttle,Pwt_Throttle_ReadTpsA,provided,uint16_t
p_throttle_ReadTpsB,Components::P_SW_Components::Powertrain::P10_SW_Arch_Public::throttle.p_throttle_ReadTpsB,If_PWT_Throttle,Pwt_Throttle_ReadTpsB,provided,uint16_t
p_throttle_Compute,Components::P_SW_Components::Powertrain::P10_SW_Arch_Public::throttle.p_throttle_Compute,If_PWT_Throttle,Pwt_Throttle_Compute,provided,uint16_t
p_throttle_LegacyReset,Components::P_SW_Components::Powertrain::P10_SW_Arch_Public::throttle.p_throttle_LegacyReset,If_PWT_Throttle,Pwt_Throttle_LegacyReset,provided,void
p_throttle_Step,Components::P_SW_Components::Powertrain::P10_SW_Arch_Public::throttle.p_throttle_Step,If_PWT_Throttle,Pwt_Throttle_Step,provided,void
p_throttle_GetState,Components::P_SW_Components::Powertrain::P10_SW_Arch_Public::throttle.p_throttle_GetState,If_PWT_Throttle,Pwt_Throttle_GetState,provided,Pwt_Throttle_State_t*
p_gearbox_Init,Components::P_SW_Components::Powertrain::P10_SW_Arch_Public::gearbox.p_gearbox_Init,If_PWT_Gearbox,Pwt_Gearbox_Init,provided,void
p_gearbox_GetShiftDelayMs,Components::P_SW_Components::Powertrain::P10_SW_Arch_Public::gearbox.p_gearbox_GetShiftDelayMs,If_PWT_Gearbox,Pwt_Gearbox_GetShiftDelayMs,provided,uint16_t
p_gearbox_SetShiftDelayMs,Components::P_SW_Components::Powertrain::P10_SW_Arch_Public::gearbox.p_gearbox_SetShiftDelayMs,If_PWT_Gearbox,Pwt_Gearbox_SetShiftDelayMs,provided,void
p_gearbox_GetKickdownPct,Components::P_SW_Components::Powertrain::P10_SW_Arch_Public::gearbox.p_gearbox_GetKickdownPct,If_PWT_Gearbox,Pwt_Gearbox_GetKickdownPct,provided,uint16_t
p_gearbox_SetKickdownPct,Components::P_SW_Components::Powertrain::P10_SW_Arch_Public::gearbox.p_gearbox_SetKickdownPct,If_PWT_Gearbox,Pwt_Gearbox_SetKickdownPct,provided,void
p_gearbox_ReadLeverPos,Components::P_SW_Components::Powertrain::P10_SW_Arch_Public::gearbox.p_gearbox_ReadLeverPos,If_PWT_Gearbox,Pwt_Gearbox_ReadLeverPos,provided,uint16_t
p_gearbox_ReadOutputRpm,Components::P_SW_Components::Powertrain::P10_SW_Arch_Public::gearbox.p_gearbox_ReadOutputRpm,If_PWT_Gearbox,Pwt_Gearbox_ReadOutputRpm,provided,uint16_t
p_gearbox_ReadOilTemp,Components::P_SW_Components::Powertrain::P10_SW_Arch_Public::gearbox.p_gearbox_ReadOilTemp,If_PWT_Gearbox,Pwt_Gearbox_ReadOilTemp,provided,uint16_t
p_gearbox_Compute,Components::P_SW_Components::Powertrain::P10_SW_Arch_Public::gearbox.p_gearbox_Compute,If_PWT_Gearbox,Pwt_Gearbox_Compute,provided,uint16_t
p_gearbox_LegacyReset,Components::P_SW_Components::Powertrain::P10_SW_Arch_Public::gearbox.p_gearbox_LegacyReset,If_PWT_Gearbox,Pwt_Gearbox_LegacyReset,provided,void
p_gearbox_Step,Components::P_SW_Components::Powertrain::P10_SW_Arch_Public::gearbox.p_gearbox_Step,If_PWT_Gearbox,Pwt_Gearbox_Step,provided,void
p_gearbox_GetState,Components::P_SW_Components::Powertrain::P10_SW_Arch_Public::gearbox.p_gearbox_GetState,If_PWT_Gearbox,Pwt_Gearbox_GetState,provided,Pwt_Gearbox_State_t*
p_cruise_Init,Components::P_SW_Components::Powertrain::P10_SW_Arch_Public::cruise.p_cruise_Init,If_PWT_Cruise,Pwt_Cruise_Init,provided,void
p_cruise_GetMaxSetKph,Components::P_SW_Components::Powertrain::P10_SW_Arch_Public::cruise.p_cruise_GetMaxSetKph,If_PWT_Cruise,Pwt_Cruise_GetMaxSetKph,provided,uint16_t
p_cruise_SetMaxSetKph,Components::P_SW_Components::Powertrain::P10_SW_Arch_Public::cruise.p_cruise_SetMaxSetKph,If_PWT_Cruise,Pwt_Cruise_SetMaxSetKph,provided,void
p_cruise_GetRampKphS,Components::P_SW_Components::Powertrain::P10_SW_Arch_Public::cruise.p_cruise_GetRampKphS,If_PWT_Cruise,Pwt_Cruise_GetRampKphS,provided,uint16_t
p_cruise_SetRampKphS,Components::P_SW_Components::Powertrain::P10_SW_Arch_Public::cruise.p_cruise_SetRampKphS,If_PWT_Cruise,Pwt_Cruise_SetRampKphS,provided,void
p_cruise_ReadSetBtn,Components::P_SW_Components::Powertrain::P10_SW_Arch_Public::cruise.p_cruise_ReadSetBtn,If_PWT_Cruise,Pwt_Cruise_ReadSetBtn,provided,uint16_t
p_cruise_ReadCancelBtn,Components::P_SW_Components::Powertrain::P10_SW_Arch_Public::cruise.p_cruise_ReadCancelBtn,If_PWT_Cruise,Pwt_Cruise_ReadCancelBtn,provided,uint16_t
p_cruise_ReadVehSpeed,Components::P_SW_Components::Powertrain::P10_SW_Arch_Public::cruise.p_cruise_ReadVehSpeed,If_PWT_Cruise,Pwt_Cruise_ReadVehSpeed,provided,uint16_t
p_cruise_Compute,Components::P_SW_Components::Powertrain::P10_SW_Arch_Public::cruise.p_cruise_Compute,If_PWT_Cruise,Pwt_Cruise_Compute,provided,uint16_t
p_cruise_LegacyReset,Components::P_SW_Components::Powertrain::P10_SW_Arch_Public::cruise.p_cruise_LegacyReset,If_PWT_Cruise,Pwt_Cruise_LegacyReset,provided,void
p_cruise_Step,Components::P_SW_Components::Powertrain::P10_SW_Arch_Public::cruise.p_cruise_Step,If_PWT_Cruise,Pwt_Cruise_Step,provided,void
p_cruise_GetState,Components::P_SW_Components::Powertrain::P10_SW_Arch_Public::cruise.p_cruise_GetState,If_PWT_Cruise,Pwt_Cruise_GetState,provided,Pwt_Cruise_State_t*
p_cellmon_Init,Components::P_SW_Components::BatteryMgmt::P10_SW_Arch_Public::cellmon.p_cellmon_Init,If_BMS_Cellmon,Bms_Cellmon_Init,provided,void
p_cellmon_GetOverVoltMv,Components::P_SW_Components::BatteryMgmt::P10_SW_Arch_Public::cellmon.p_cellmon_GetOverVoltMv,If_BMS_Cellmon,Bms_Cellmon_GetOverVoltMv,provided,uint16_t
p_cellmon_SetOverVoltMv,Components::P_SW_Components::BatteryMgmt::P10_SW_Arch_Public::cellmon.p_cellmon_SetOverVoltMv,If_BMS_Cellmon,Bms_Cellmon_SetOverVoltMv,provided,void
p_cellmon_GetUnderVoltMv,Components::P_SW_Components::BatteryMgmt::P10_SW_Arch_Public::cellmon.p_cellmon_GetUnderVoltMv,If_BMS_Cellmon,Bms_Cellmon_GetUnderVoltMv,provided,uint16_t
p_cellmon_SetUnderVoltMv,Components::P_SW_Components::BatteryMgmt::P10_SW_Arch_Public::cellmon.p_cellmon_SetUnderVoltMv,If_BMS_Cellmon,Bms_Cellmon_SetUnderVoltMv,provided,void
p_cellmon_GetSampleMs,Components::P_SW_Components::BatteryMgmt::P10_SW_Arch_Public::cellmon.p_cellmon_GetSampleMs,If_BMS_Cellmon,Bms_Cellmon_GetSampleMs,provided,uint16_t
p_cellmon_SetSampleMs,Components::P_SW_Components::BatteryMgmt::P10_SW_Arch_Public::cellmon.p_cellmon_SetSampleMs,If_BMS_Cellmon,Bms_Cellmon_SetSampleMs,provided,void
p_cellmon_ReadCellMv,Components::P_SW_Components::BatteryMgmt::P10_SW_Arch_Public::cellmon.p_cellmon_ReadCellMv,If_BMS_Cellmon,Bms_Cellmon_ReadCellMv,provided,uint16_t
p_cellmon_ReadPackCurrent,Components::P_SW_Components::BatteryMgmt::P10_SW_Arch_Public::cellmon.p_cellmon_ReadPackCurrent,If_BMS_Cellmon,Bms_Cellmon_ReadPackCurrent,provided,uint16_t
p_cellmon_ReadCellTemp,Components::P_SW_Components::BatteryMgmt::P10_SW_Arch_Public::cellmon.p_cellmon_ReadCellTemp,If_BMS_Cellmon,Bms_Cellmon_ReadCellTemp,provided,uint16_t
p_cellmon_Compute,Components::P_SW_Components::BatteryMgmt::P10_SW_Arch_Public::cellmon.p_cellmon_Compute,If_BMS_Cellmon,Bms_Cellmon_Compute,provided,uint16_t
p_cellmon_LegacyReset,Components::P_SW_Components::BatteryMgmt::P10_SW_Arch_Public::cellmon.p_cellmon_LegacyReset,If_BMS_Cellmon,Bms_Cellmon_LegacyReset,provided,void
p_cellmon_Step,Components::P_SW_Components::BatteryMgmt::P10_SW_Arch_Public::cellmon.p_cellmon_Step,If_BMS_Cellmon,Bms_Cellmon_Step,provided,void
p_cellmon_GetState,Components::P_SW_Components::BatteryMgmt::P10_SW_Arch_Public::cellmon.p_cellmon_GetState,If_BMS_Cellmon,Bms_Cellmon_GetState,provided,Bms_Cellmon_State_t*
p_soc_Init,Components::P_SW_Components::BatteryMgmt::P10_SW_Arch_Public::soc.p_soc_Init,If_BMS_Soc,Bms_Soc_Init,provided,void
p_soc_GetNomCapacityAh,Components::P_SW_Components::BatteryMgmt::P10_SW_Arch_Public::soc.p_soc_GetNomCapacityAh,If_BMS_Soc,Bms_Soc_GetNomCapacityAh,provided,uint16_t
p_soc_SetNomCapacityAh,Components::P_SW_Components::BatteryMgmt::P10_SW_Arch_Public::soc.p_soc_SetNomCapacityAh,If_BMS_Soc,Bms_Soc_SetNomCapacityAh,provided,void
p_soc_GetCoulombGain,Components::P_SW_Components::BatteryMgmt::P10_SW_Arch_Public::soc.p_soc_GetCoulombGain,If_BMS_Soc,Bms_Soc_GetCoulombGain,provided,uint16_t
p_soc_SetCoulombGain,Components::P_SW_Components::BatteryMgmt::P10_SW_Arch_Public::soc.p_soc_SetCoulombGain,If_BMS_Soc,Bms_Soc_SetCoulombGain,provided,void
p_soc_ReadPackVoltage,Components::P_SW_Components::BatteryMgmt::P10_SW_Arch_Public::soc.p_soc_ReadPackVoltage,If_BMS_Soc,Bms_Soc_ReadPackVoltage,provided,uint16_t
p_soc_ReadPackCurrent,Components::P_SW_Components::BatteryMgmt::P10_SW_Arch_Public::soc.p_soc_ReadPackCurrent,If_BMS_Soc,Bms_Soc_ReadPackCurrent,provided,uint16_t
p_soc_ReadPackTemp,Components::P_SW_Components::BatteryMgmt::P10_SW_Arch_Public::soc.p_soc_ReadPackTemp,If_BMS_Soc,Bms_Soc_ReadPackTemp,provided,uint16_t
p_soc_Compute,Components::P_SW_Components::BatteryMgmt::P10_SW_Arch_Public::soc.p_soc_Compute,If_BMS_Soc,Bms_Soc_Compute,provided,uint16_t
p_soc_LegacyReset,Components::P_SW_Components::BatteryMgmt::P10_SW_Arch_Public::soc.p_soc_LegacyReset,If_BMS_Soc,Bms_Soc_LegacyReset,provided,void
p_soc_Step,Components::P_SW_Components::BatteryMgmt::P10_SW_Arch_Public::soc.p_soc_Step,If_BMS_Soc,Bms_Soc_Step,provided,void
p_soc_GetState,Components::P_SW_Components::BatteryMgmt::P10_SW_Arch_Public::soc.p_soc_GetState,If_BMS_Soc,Bms_Soc_GetState,provided,Bms_Soc_State_t*
p_balancing_Init,Components::P_SW_Components::BatteryMgmt::P10_SW_Arch_Public::balancing.p_balancing_Init,If_BMS_Balancing,Bms_Balancing_Init,provided,void
p_balancing_GetBalanceDeltaMv,Components::P_SW_Components::BatteryMgmt::P10_SW_Arch_Public::balancing.p_balancing_GetBalanceDeltaMv,If_BMS_Balancing,Bms_Balancing_GetBalanceDeltaMv,provided,uint16_t
p_balancing_SetBalanceDeltaMv,Components::P_SW_Components::BatteryMgmt::P10_SW_Arch_Public::balancing.p_balancing_SetBalanceDeltaMv,If_BMS_Balancing,Bms_Balancing_SetBalanceDeltaMv,provided,void
p_balancing_GetBalanceMs,Components::P_SW_Components::BatteryMgmt::P10_SW_Arch_Public::balancing.p_balancing_GetBalanceMs,If_BMS_Balancing,Bms_Balancing_GetBalanceMs,provided,uint16_t
p_balancing_SetBalanceMs,Components::P_SW_Components::BatteryMgmt::P10_SW_Arch_Public::balancing.p_balancing_SetBalanceMs,If_BMS_Balancing,Bms_Balancing_SetBalanceMs,provided,void
p_balancing_ReadMaxCellMv,Components::P_SW_Components::BatteryMgmt::P10_SW_Arch_Public::balancing.p_balancing_ReadMaxCellMv,If_BMS_Balancing,Bms_Balancing_ReadMaxCellMv,provided,uint16_t
p_balancing_ReadMinCellMv,Components::P_SW_Components::BatteryMgmt::P10_SW_Arch_Public::balancing.p_balancing_ReadMinCellMv,If_BMS_Balancing,Bms_Balancing_ReadMinCellMv,provided,uint16_t
p_balancing_Compute,Components::P_SW_Components::BatteryMgmt::P10_SW_Arch_Public::balancing.p_balancing_Compute,If_BMS_Balancing,Bms_Balancing_Compute,provided,uint16_t
p_balancing_LegacyReset,Components::P_SW_Components::BatteryMgmt::P10_SW_Arch_Public::balancing.p_balancing_LegacyReset,If_BMS_Balancing,Bms_Balancing_LegacyReset,provided,void
p_balancing_Step,Components::P_SW_Components::BatteryMgmt::P10_SW_Arch_Public::balancing.p_balancing_Step,If_BMS_Balancing,Bms_Balancing_Step,provided,void
p_balancing_GetState,Components::P_SW_Components::BatteryMgmt::P10_SW_Arch_Public::balancing.p_balancing_GetState,If_BMS_Balancing,Bms_Balancing_GetState,provided,Bms_Balancing_State_t*
p_contactor_Init,Components::P_SW_Components::BatteryMgmt::P10_SW_Arch_Public::contactor.p_contactor_Init,If_BMS_Contactor,Bms_Contactor_Init,provided,void
p_contactor_GetPrechargeMs,Components::P_SW_Components::BatteryMgmt::P10_SW_Arch_Public::contactor.p_contactor_GetPrechargeMs,If_BMS_Contactor,Bms_Contactor_GetPrechargeMs,provided,uint16_t
p_contactor_SetPrechargeMs,Components::P_SW_Components::BatteryMgmt::P10_SW_Arch_Public::contactor.p_contactor_SetPrechargeMs,If_BMS_Contactor,Bms_Contactor_SetPrechargeMs,provided,void
p_contactor_GetWeldDebounce,Components::P_SW_Components::BatteryMgmt::P10_SW_Arch_Public::contactor.p_contactor_GetWeldDebounce,If_BMS_Contactor,Bms_Contactor_GetWeldDebounce,provided,uint16_t
p_contactor_SetWeldDebounce,Components::P_SW_Components::BatteryMgmt::P10_SW_Arch_Public::contactor.p_contactor_SetWeldDebounce,If_BMS_Contactor,Bms_Contactor_SetWeldDebounce,provided,void
p_contactor_ReadMainAux,Components::P_SW_Components::BatteryMgmt::P10_SW_Arch_Public::contactor.p_contactor_ReadMainAux,If_BMS_Contactor,Bms_Contactor_ReadMainAux,provided,uint16_t
p_contactor_ReadPrechargeAux,Components::P_SW_Components::BatteryMgmt::P10_SW_Arch_Public::contactor.p_contactor_ReadPrechargeAux,If_BMS_Contactor,Bms_Contactor_ReadPrechargeAux,provided,uint16_t
p_contactor_ReadBusVolt,Components::P_SW_Components::BatteryMgmt::P10_SW_Arch_Public::contactor.p_contactor_ReadBusVolt,If_BMS_Contactor,Bms_Contactor_ReadBusVolt,provided,uint16_t
p_contactor_Compute,Components::P_SW_Components::BatteryMgmt::P10_SW_Arch_Public::contactor.p_contactor_Compute,If_BMS_Contactor,Bms_Contactor_Compute,provided,uint16_t
p_contactor_LegacyReset,Components::P_SW_Components::BatteryMgmt::P10_SW_Arch_Public::contactor.p_contactor_LegacyReset,If_BMS_Contactor,Bms_Contactor_LegacyReset,provided,void
p_contactor_Step,Components::P_SW_Components::BatteryMgmt::P10_SW_Arch_Public::contactor.p_contactor_Step,If_BMS_Contactor,Bms_Contactor_Step,provided,void
p_contactor_GetState,Components::P_SW_Components::BatteryMgmt::P10_SW_Arch_Public::contactor.p_contactor_GetState,If_BMS_Contactor,Bms_Contactor_GetState,provided,Bms_Contactor_State_t*
p_coolant_Init,Components::P_SW_Components::ThermalMgmt::P10_SW_Arch_Public::coolant.p_coolant_Init,If_THM_Coolant,Thm_Coolant_Init,provided,void
p_coolant_GetTargetC,Components::P_SW_Components::ThermalMgmt::P10_SW_Arch_Public::coolant.p_coolant_GetTargetC,If_THM_Coolant,Thm_Coolant_GetTargetC,provided,uint16_t
p_coolant_SetTargetC,Components::P_SW_Components::ThermalMgmt::P10_SW_Arch_Public::coolant.p_coolant_SetTargetC,If_THM_Coolant,Thm_Coolant_SetTargetC,provided,void
p_coolant_GetHysteresisC,Components::P_SW_Components::ThermalMgmt::P10_SW_Arch_Public::coolant.p_coolant_GetHysteresisC,If_THM_Coolant,Thm_Coolant_GetHysteresisC,provided,uint16_t
p_coolant_SetHysteresisC,Components::P_SW_Components::ThermalMgmt::P10_SW_Arch_Public::coolant.p_coolant_SetHysteresisC,If_THM_Coolant,Thm_Coolant_SetHysteresisC,provided,void
p_coolant_GetPumpMinPct,Components::P_SW_Components::ThermalMgmt::P10_SW_Arch_Public::coolant.p_coolant_GetPumpMinPct,If_THM_Coolant,Thm_Coolant_GetPumpMinPct,provided,uint16_t
p_coolant_SetPumpMinPct,Components::P_SW_Components::ThermalMgmt::P10_SW_Arch_Public::coolant.p_coolant_SetPumpMinPct,If_THM_Coolant,Thm_Coolant_SetPumpMinPct,provided,void
p_coolant_ReadInletC,Components::P_SW_Components::ThermalMgmt::P10_SW_Arch_Public::coolant.p_coolant_ReadInletC,If_THM_Coolant,Thm_Coolant_ReadInletC,provided,uint16_t
p_coolant_ReadOutletC,Components::P_SW_Components::ThermalMgmt::P10_SW_Arch_Public::coolant.p_coolant_ReadOutletC,If_THM_Coolant,Thm_Coolant_ReadOutletC,provided,uint16_t
p_coolant_ReadFlowLpm,Components::P_SW_Components::ThermalMgmt::P10_SW_Arch_Public::coolant.p_coolant_ReadFlowLpm,If_THM_Coolant,Thm_Coolant_ReadFlowLpm,provided,uint16_t
p_coolant_Compute,Components::P_SW_Components::ThermalMgmt::P10_SW_Arch_Public::coolant.p_coolant_Compute,If_THM_Coolant,Thm_Coolant_Compute,provided,uint16_t
p_coolant_LegacyReset,Components::P_SW_Components::ThermalMgmt::P10_SW_Arch_Public::coolant.p_coolant_LegacyReset,If_THM_Coolant,Thm_Coolant_LegacyReset,provided,void
p_coolant_Step,Components::P_SW_Components::ThermalMgmt::P10_SW_Arch_Public::coolant.p_coolant_Step,If_THM_Coolant,Thm_Coolant_Step,provided,void
p_coolant_GetState,Components::P_SW_Components::ThermalMgmt::P10_SW_Arch_Public::coolant.p_coolant_GetState,If_THM_Coolant,Thm_Coolant_GetState,provided,Thm_Coolant_State_t*
p_hvac_Init,Components::P_SW_Components::ThermalMgmt::P10_SW_Arch_Public::hvac.p_hvac_Init,If_THM_Hvac,Thm_Hvac_Init,provided,void
p_hvac_GetCabinTargetC,Components::P_SW_Components::ThermalMgmt::P10_SW_Arch_Public::hvac.p_hvac_GetCabinTargetC,If_THM_Hvac,Thm_Hvac_GetCabinTargetC,provided,uint16_t
p_hvac_SetCabinTargetC,Components::P_SW_Components::ThermalMgmt::P10_SW_Arch_Public::hvac.p_hvac_SetCabinTargetC,If_THM_Hvac,Thm_Hvac_SetCabinTargetC,provided,void
p_hvac_GetBlowerMax,Components::P_SW_Components::ThermalMgmt::P10_SW_Arch_Public::hvac.p_hvac_GetBlowerMax,If_THM_Hvac,Thm_Hvac_GetBlowerMax,provided,uint16_t
p_hvac_SetBlowerMax,Components::P_SW_Components::ThermalMgmt::P10_SW_Arch_Public::hvac.p_hvac_SetBlowerMax,If_THM_Hvac,Thm_Hvac_SetBlowerMax,provided,void
p_hvac_ReadCabinC,Components::P_SW_Components::ThermalMgmt::P10_SW_Arch_Public::hvac.p_hvac_ReadCabinC,If_THM_Hvac,Thm_Hvac_ReadCabinC,provided,uint16_t
p_hvac_ReadEvapC,Components::P_SW_Components::ThermalMgmt::P10_SW_Arch_Public::hvac.p_hvac_ReadEvapC,If_THM_Hvac,Thm_Hvac_ReadEvapC,provided,uint16_t
p_hvac_ReadSolarLux,Components::P_SW_Components::ThermalMgmt::P10_SW_Arch_Public::hvac.p_hvac_ReadSolarLux,If_THM_Hvac,Thm_Hvac_ReadSolarLux,provided,uint16_t
p_hvac_Compute,Components::P_SW_Components::ThermalMgmt::P10_SW_Arch_Public::hvac.p_hvac_Compute,If_THM_Hvac,Thm_Hvac_Compute,provided,uint16_t
p_hvac_LegacyReset,Components::P_SW_Components::ThermalMgmt::P10_SW_Arch_Public::hvac.p_hvac_LegacyReset,If_THM_Hvac,Thm_Hvac_LegacyReset,provided,void
p_hvac_Step,Components::P_SW_Components::ThermalMgmt::P10_SW_Arch_Public::hvac.p_hvac_Step,If_THM_Hvac,Thm_Hvac_Step,provided,void
p_hvac_GetState,Components::P_SW_Components::ThermalMgmt::P10_SW_Arch_Public::hvac.p_hvac_GetState,If_THM_Hvac,Thm_Hvac_GetState,provided,Thm_Hvac_State_t*
p_pump_Init,Components::P_SW_Components::ThermalMgmt::P10_SW_Arch_Public::pump.p_pump_Init,If_THM_Pump,Thm_Pump_Init,provided,void
p_pump_GetMaxRpm,Components::P_SW_Components::ThermalMgmt::P10_SW_Arch_Public::pump.p_pump_GetMaxRpm,If_THM_Pump,Thm_Pump_GetMaxRpm,provided,uint16_t
p_pump_SetMaxRpm,Components::P_SW_Components::ThermalMgmt::P10_SW_Arch_Public::pump.p_pump_SetMaxRpm,If_THM_Pump,Thm_Pump_SetMaxRpm,provided,void
p_pump_GetRampRpmS,Components::P_SW_Components::ThermalMgmt::P10_SW_Arch_Public::pump.p_pump_GetRampRpmS,If_THM_Pump,Thm_Pump_GetRampRpmS,provided,uint16_t
p_pump_SetRampRpmS,Components::P_SW_Components::ThermalMgmt::P10_SW_Arch_Public::pump.p_pump_SetRampRpmS,If_THM_Pump,Thm_Pump_SetRampRpmS,provided,void
p_pump_ReadFeedbackRpm,Components::P_SW_Components::ThermalMgmt::P10_SW_Arch_Public::pump.p_pump_ReadFeedbackRpm,If_THM_Pump,Thm_Pump_ReadFeedbackRpm,provided,uint16_t
p_pump_ReadPressureKpa,Components::P_SW_Components::ThermalMgmt::P10_SW_Arch_Public::pump.p_pump_ReadPressureKpa,If_THM_Pump,Thm_Pump_ReadPressureKpa,provided,uint16_t
p_pump_Compute,Components::P_SW_Components::ThermalMgmt::P10_SW_Arch_Public::pump.p_pump_Compute,If_THM_Pump,Thm_Pump_Compute,provided,uint16_t
p_pump_LegacyReset,Components::P_SW_Components::ThermalMgmt::P10_SW_Arch_Public::pump.p_pump_LegacyReset,If_THM_Pump,Thm_Pump_LegacyReset,provided,void
p_pump_Step,Components::P_SW_Components::ThermalMgmt::P10_SW_Arch_Public::pump.p_pump_Step,If_THM_Pump,Thm_Pump_Step,provided,void
p_pump_GetState,Components::P_SW_Components::ThermalMgmt::P10_SW_Arch_Public::pump.p_pump_GetState,If_THM_Pump,Thm_Pump_GetState,provided,Thm_Pump_State_t*
p_fan_Init,Components::P_SW_Components::ThermalMgmt::P10_SW_Arch_Public::fan.p_fan_Init,If_THM_Fan,Thm_Fan_Init,provided,void
p_fan_GetOnThreshC,Components::P_SW_Components::ThermalMgmt::P10_SW_Arch_Public::fan.p_fan_GetOnThreshC,If_THM_Fan,Thm_Fan_GetOnThreshC,provided,uint16_t
p_fan_SetOnThreshC,Components::P_SW_Components::ThermalMgmt::P10_SW_Arch_Public::fan.p_fan_SetOnThreshC,If_THM_Fan,Thm_Fan_SetOnThreshC,provided,void
p_fan_GetOffThreshC,Components::P_SW_Components::ThermalMgmt::P10_SW_Arch_Public::fan.p_fan_GetOffThreshC,If_THM_Fan,Thm_Fan_GetOffThreshC,provided,uint16_t
p_fan_SetOffThreshC,Components::P_SW_Components::ThermalMgmt::P10_SW_Arch_Public::fan.p_fan_SetOffThreshC,If_THM_Fan,Thm_Fan_SetOffThreshC,provided,void
p_fan_ReadRadiatorC,Components::P_SW_Components::ThermalMgmt::P10_SW_Arch_Public::fan.p_fan_ReadRadiatorC,If_THM_Fan,Thm_Fan_ReadRadiatorC,provided,uint16_t
p_fan_ReadFanRpm,Components::P_SW_Components::ThermalMgmt::P10_SW_Arch_Public::fan.p_fan_ReadFanRpm,If_THM_Fan,Thm_Fan_ReadFanRpm,provided,uint16_t
p_fan_Compute,Components::P_SW_Components::ThermalMgmt::P10_SW_Arch_Public::fan.p_fan_Compute,If_THM_Fan,Thm_Fan_Compute,provided,uint16_t
p_fan_LegacyReset,Components::P_SW_Components::ThermalMgmt::P10_SW_Arch_Public::fan.p_fan_LegacyReset,If_THM_Fan,Thm_Fan_LegacyReset,provided,void
p_fan_Step,Components::P_SW_Components::ThermalMgmt::P10_SW_Arch_Public::fan.p_fan_Step,If_THM_Fan,Thm_Fan_Step,provided,void
p_fan_GetState,Components::P_SW_Components::ThermalMgmt::P10_SW_Arch_Public::fan.p_fan_GetState,If_THM_Fan,Thm_Fan_GetState,provided,Thm_Fan_State_t*
p_dtc_Init,Components::P_SW_Components::Diagnostics::P10_SW_Arch_Public::dtc.p_dtc_Init,If_DIAG_Dtc,Diag_Dtc_Init,provided,void
p_dtc_GetAgingThreshold,Components::P_SW_Components::Diagnostics::P10_SW_Arch_Public::dtc.p_dtc_GetAgingThreshold,If_DIAG_Dtc,Diag_Dtc_GetAgingThreshold,provided,uint16_t
p_dtc_SetAgingThreshold,Components::P_SW_Components::Diagnostics::P10_SW_Arch_Public::dtc.p_dtc_SetAgingThreshold,If_DIAG_Dtc,Diag_Dtc_SetAgingThreshold,provided,void
p_dtc_GetConfirmCycles,Components::P_SW_Components::Diagnostics::P10_SW_Arch_Public::dtc.p_dtc_GetConfirmCycles,If_DIAG_Dtc,Diag_Dtc_GetConfirmCycles,provided,uint16_t
p_dtc_SetConfirmCycles,Components::P_SW_Components::Diagnostics::P10_SW_Arch_Public::dtc.p_dtc_SetConfirmCycles,If_DIAG_Dtc,Diag_Dtc_SetConfirmCycles,provided,void
p_dtc_ReadFaultBits,Components::P_SW_Components::Diagnostics::P10_SW_Arch_Public::dtc.p_dtc_ReadFaultBits,If_DIAG_Dtc,Diag_Dtc_ReadFaultBits,provided,uint16_t
p_dtc_ReadIgnCycle,Components::P_SW_Components::Diagnostics::P10_SW_Arch_Public::dtc.p_dtc_ReadIgnCycle,If_DIAG_Dtc,Diag_Dtc_ReadIgnCycle,provided,uint16_t
p_dtc_Compute,Components::P_SW_Components::Diagnostics::P10_SW_Arch_Public::dtc.p_dtc_Compute,If_DIAG_Dtc,Diag_Dtc_Compute,provided,uint16_t
p_dtc_LegacyReset,Components::P_SW_Components::Diagnostics::P10_SW_Arch_Public::dtc.p_dtc_LegacyReset,If_DIAG_Dtc,Diag_Dtc_LegacyReset,provided,void
p_dtc_Step,Components::P_SW_Components::Diagnostics::P10_SW_Arch_Public::dtc.p_dtc_Step,If_DIAG_Dtc,Diag_Dtc_Step,provided,void
p_dtc_GetState,Components::P_SW_Components::Diagnostics::P10_SW_Arch_Public::dtc.p_dtc_GetState,If_DIAG_Dtc,Diag_Dtc_GetState,provided,Diag_Dtc_State_t*
p_freezeframe_Init,Components::P_SW_Components::Diagnostics::P10_SW_Arch_Public::freezeframe.p_freezeframe_Init,If_DIAG_Freezeframe,Diag_Freezeframe_Init,provided,void
p_freezeframe_GetFrameDepth,Components::P_SW_Components::Diagnostics::P10_SW_Arch_Public::freezeframe.p_freezeframe_GetFrameDepth,If_DIAG_Freezeframe,Diag_Freezeframe_GetFrameDepth,provided,uint16_t
p_freezeframe_SetFrameDepth,Components::P_SW_Components::Diagnostics::P10_SW_Arch_Public::freezeframe.p_freezeframe_SetFrameDepth,If_DIAG_Freezeframe,Diag_Freezeframe_SetFrameDepth,provided,void
p_freezeframe_GetSnapshotMask,Components::P_SW_Components::Diagnostics::P10_SW_Arch_Public::freezeframe.p_freezeframe_GetSnapshotMask,If_DIAG_Freezeframe,Diag_Freezeframe_GetSnapshotMask,provided,uint16_t
p_freezeframe_SetSnapshotMask,Components::P_SW_Components::Diagnostics::P10_SW_Arch_Public::freezeframe.p_freezeframe_SetSnapshotMask,If_DIAG_Freezeframe,Diag_Freezeframe_SetSnapshotMask,provided,void
p_freezeframe_ReadRpmSnap,Components::P_SW_Components::Diagnostics::P10_SW_Arch_Public::freezeframe.p_freezeframe_ReadRpmSnap,If_DIAG_Freezeframe,Diag_Freezeframe_ReadRpmSnap,provided,uint16_t
p_freezeframe_ReadSpeedSnap,Components::P_SW_Components::Diagnostics::P10_SW_Arch_Public::freezeframe.p_freezeframe_ReadSpeedSnap,If_DIAG_Freezeframe,Diag_Freezeframe_ReadSpeedSnap,provided,uint16_t
p_freezeframe_Compute,Components::P_SW_Components::Diagnostics::P10_SW_Arch_Public::freezeframe.p_freezeframe_Compute,If_DIAG_Freezeframe,Diag_Freezeframe_Compute,provided,uint16_t
p_freezeframe_LegacyReset,Components::P_SW_Components::Diagnostics::P10_SW_Arch_Public::freezeframe.p_freezeframe_LegacyReset,If_DIAG_Freezeframe,Diag_Freezeframe_LegacyReset,provided,void
p_freezeframe_Step,Components::P_SW_Components::Diagnostics::P10_SW_Arch_Public::freezeframe.p_freezeframe_Step,If_DIAG_Freezeframe,Diag_Freezeframe_Step,provided,void
p_freezeframe_GetState,Components::P_SW_Components::Diagnostics::P10_SW_Arch_Public::freezeframe.p_freezeframe_GetState,If_DIAG_Freezeframe,Diag_Freezeframe_GetState,provided,Diag_Freezeframe_State_t*
p_uds_Init,Components::P_SW_Components::Diagnostics::P10_SW_Arch_Public::uds.p_uds_Init,If_DIAG_Uds,Diag_Uds_Init,provided,void
p_uds_GetP2TimeoutMs,Components::P_SW_Components::Diagnostics::P10_SW_Arch_Public::uds.p_uds_GetP2TimeoutMs,If_DIAG_Uds,Diag_Uds_GetP2TimeoutMs,provided,uint16_t
p_uds_SetP2TimeoutMs,Components::P_SW_Components::Diagnostics::P10_SW_Arch_Public::uds.p_uds_SetP2TimeoutMs,If_DIAG_Uds,Diag_Uds_SetP2TimeoutMs,provided,void
p_uds_GetS3TimeoutMs,Components::P_SW_Components::Diagnostics::P10_SW_Arch_Public::uds.p_uds_GetS3TimeoutMs,If_DIAG_Uds,Diag_Uds_GetS3TimeoutMs,provided,uint16_t
p_uds_SetS3TimeoutMs,Components::P_SW_Components::Diagnostics::P10_SW_Arch_Public::uds.p_uds_SetS3TimeoutMs,If_DIAG_Uds,Diag_Uds_SetS3TimeoutMs,provided,void
p_uds_ReadRxPending,Components::P_SW_Components::Diagnostics::P10_SW_Arch_Public::uds.p_uds_ReadRxPending,If_DIAG_Uds,Diag_Uds_ReadRxPending,provided,uint16_t
p_uds_ReadSessionType,Components::P_SW_Components::Diagnostics::P10_SW_Arch_Public::uds.p_uds_ReadSessionType,If_DIAG_Uds,Diag_Uds_ReadSessionType,provided,uint16_t
p_uds_Compute,Components::P_SW_Components::Diagnostics::P10_SW_Arch_Public::uds.p_uds_Compute,If_DIAG_Uds,Diag_Uds_Compute,provided,uint16_t
p_uds_LegacyReset,Components::P_SW_Components::Diagnostics::P10_SW_Arch_Public::uds.p_uds_LegacyReset,If_DIAG_Uds,Diag_Uds_LegacyReset,provided,void
p_uds_Step,Components::P_SW_Components::Diagnostics::P10_SW_Arch_Public::uds.p_uds_Step,If_DIAG_Uds,Diag_Uds_Step,provided,void
p_uds_GetState,Components::P_SW_Components::Diagnostics::P10_SW_Arch_Public::uds.p_uds_GetState,If_DIAG_Uds,Diag_Uds_GetState,provided,Diag_Uds_State_t*
p_monitor_Init,Components::P_SW_Components::Diagnostics::P10_SW_Arch_Public::monitor.p_monitor_Init,If_DIAG_Monitor,Diag_Monitor_Init,provided,void
p_monitor_GetMisfireThresh,Components::P_SW_Components::Diagnostics::P10_SW_Arch_Public::monitor.p_monitor_GetMisfireThresh,If_DIAG_Monitor,Diag_Monitor_GetMisfireThresh,provided,uint16_t
p_monitor_SetMisfireThresh,Components::P_SW_Components::Diagnostics::P10_SW_Arch_Public::monitor.p_monitor_SetMisfireThresh,If_DIAG_Monitor,Diag_Monitor_SetMisfireThresh,provided,void
p_monitor_GetCatTempLimit,Components::P_SW_Components::Diagnostics::P10_SW_Arch_Public::monitor.p_monitor_GetCatTempLimit,If_DIAG_Monitor,Diag_Monitor_GetCatTempLimit,provided,uint16_t
p_monitor_SetCatTempLimit,Components::P_SW_Components::Diagnostics::P10_SW_Arch_Public::monitor.p_monitor_SetCatTempLimit,If_DIAG_Monitor,Diag_Monitor_SetCatTempLimit,provided,void
p_monitor_ReadO2Sensor,Components::P_SW_Components::Diagnostics::P10_SW_Arch_Public::monitor.p_monitor_ReadO2Sensor,If_DIAG_Monitor,Diag_Monitor_ReadO2Sensor,provided,uint16_t
p_monitor_ReadMisfireCount,Components::P_SW_Components::Diagnostics::P10_SW_Arch_Public::monitor.p_monitor_ReadMisfireCount,If_DIAG_Monitor,Diag_Monitor_ReadMisfireCount,provided,uint16_t
p_monitor_Compute,Components::P_SW_Components::Diagnostics::P10_SW_Arch_Public::monitor.p_monitor_Compute,If_DIAG_Monitor,Diag_Monitor_Compute,provided,uint16_t
p_monitor_LegacyReset,Components::P_SW_Components::Diagnostics::P10_SW_Arch_Public::monitor.p_monitor_LegacyReset,If_DIAG_Monitor,Diag_Monitor_LegacyReset,provided,void
p_monitor_Step,Components::P_SW_Components::Diagnostics::P10_SW_Arch_Public::monitor.p_monitor_Step,If_DIAG_Monitor,Diag_Monitor_Step,provided,void
p_monitor_GetState,Components::P_SW_Components::Diagnostics::P10_SW_Arch_Public::monitor.p_monitor_GetState,If_DIAG_Monitor,Diag_Monitor_GetState,provided,Diag_Monitor_State_t*
p_canrouter_Init,Components::P_SW_Components::CommGateway::P10_SW_Arch_Public::canrouter.p_canrouter_Init,If_COM_Canrouter,Com_Canrouter_Init,provided,void
p_canrouter_GetBusLoadLimit,Components::P_SW_Components::CommGateway::P10_SW_Arch_Public::canrouter.p_canrouter_GetBusLoadLimit,If_COM_Canrouter,Com_Canrouter_GetBusLoadLimit,provided,uint16_t
p_canrouter_SetBusLoadLimit,Components::P_SW_Components::CommGateway::P10_SW_Arch_Public::canrouter.p_canrouter_SetBusLoadLimit,If_COM_Canrouter,Com_Canrouter_SetBusLoadLimit,provided,void
p_canrouter_GetRouteTableLen,Components::P_SW_Components::CommGateway::P10_SW_Arch_Public::canrouter.p_canrouter_GetRouteTableLen,If_COM_Canrouter,Com_Canrouter_GetRouteTableLen,provided,uint16_t
p_canrouter_SetRouteTableLen,Components::P_SW_Components::CommGateway::P10_SW_Arch_Public::canrouter.p_canrouter_SetRouteTableLen,If_COM_Canrouter,Com_Canrouter_SetRouteTableLen,provided,void
p_canrouter_ReadRxId,Components::P_SW_Components::CommGateway::P10_SW_Arch_Public::canrouter.p_canrouter_ReadRxId,If_COM_Canrouter,Com_Canrouter_ReadRxId,provided,uint16_t
p_canrouter_ReadRxDlc,Components::P_SW_Components::CommGateway::P10_SW_Arch_Public::canrouter.p_canrouter_ReadRxDlc,If_COM_Canrouter,Com_Canrouter_ReadRxDlc,provided,uint16_t
p_canrouter_ReadBusOff,Components::P_SW_Components::CommGateway::P10_SW_Arch_Public::canrouter.p_canrouter_ReadBusOff,If_COM_Canrouter,Com_Canrouter_ReadBusOff,provided,uint16_t
p_canrouter_Compute,Components::P_SW_Components::CommGateway::P10_SW_Arch_Public::canrouter.p_canrouter_Compute,If_COM_Canrouter,Com_Canrouter_Compute,provided,uint16_t
p_canrouter_LegacyReset,Components::P_SW_Components::CommGateway::P10_SW_Arch_Public::canrouter.p_canrouter_LegacyReset,If_COM_Canrouter,Com_Canrouter_LegacyReset,provided,void
p_canrouter_Step,Components::P_SW_Components::CommGateway::P10_SW_Arch_Public::canrouter.p_canrouter_Step,If_COM_Canrouter,Com_Canrouter_Step,provided,void
p_canrouter_GetState,Components::P_SW_Components::CommGateway::P10_SW_Arch_Public::canrouter.p_canrouter_GetState,If_COM_Canrouter,Com_Canrouter_GetState,provided,Com_Canrouter_State_t*
p_linmaster_Init,Components::P_SW_Components::CommGateway::P10_SW_Arch_Public::linmaster.p_linmaster_Init,If_COM_Linmaster,Com_Linmaster_Init,provided,void
p_linmaster_GetScheduleMs,Components::P_SW_Components::CommGateway::P10_SW_Arch_Public::linmaster.p_linmaster_GetScheduleMs,If_COM_Linmaster,Com_Linmaster_GetScheduleMs,provided,uint16_t
p_linmaster_SetScheduleMs,Components::P_SW_Components::CommGateway::P10_SW_Arch_Public::linmaster.p_linmaster_SetScheduleMs,If_COM_Linmaster,Com_Linmaster_SetScheduleMs,provided,void
p_linmaster_GetBreakBits,Components::P_SW_Components::CommGateway::P10_SW_Arch_Public::linmaster.p_linmaster_GetBreakBits,If_COM_Linmaster,Com_Linmaster_GetBreakBits,provided,uint16_t
p_linmaster_SetBreakBits,Components::P_SW_Components::CommGateway::P10_SW_Arch_Public::linmaster.p_linmaster_SetBreakBits,If_COM_Linmaster,Com_Linmaster_SetBreakBits,provided,void
p_linmaster_ReadLinPid,Components::P_SW_Components::CommGateway::P10_SW_Arch_Public::linmaster.p_linmaster_ReadLinPid,If_COM_Linmaster,Com_Linmaster_ReadLinPid,provided,uint16_t
p_linmaster_ReadLinErr,Components::P_SW_Components::CommGateway::P10_SW_Arch_Public::linmaster.p_linmaster_ReadLinErr,If_COM_Linmaster,Com_Linmaster_ReadLinErr,provided,uint16_t
p_linmaster_Compute,Components::P_SW_Components::CommGateway::P10_SW_Arch_Public::linmaster.p_linmaster_Compute,If_COM_Linmaster,Com_Linmaster_Compute,provided,uint16_t
p_linmaster_LegacyReset,Components::P_SW_Components::CommGateway::P10_SW_Arch_Public::linmaster.p_linmaster_LegacyReset,If_COM_Linmaster,Com_Linmaster_LegacyReset,provided,void
p_linmaster_Step,Components::P_SW_Components::CommGateway::P10_SW_Arch_Public::linmaster.p_linmaster_Step,If_COM_Linmaster,Com_Linmaster_Step,provided,void
p_linmaster_GetState,Components::P_SW_Components::CommGateway::P10_SW_Arch_Public::linmaster.p_linmaster_GetState,If_COM_Linmaster,Com_Linmaster_GetState,provided,Com_Linmaster_State_t*
p_signaldb_Init,Components::P_SW_Components::CommGateway::P10_SW_Arch_Public::signaldb.p_signaldb_Init,If_COM_Signaldb,Com_Signaldb_Init,provided,void
p_signaldb_GetTimeoutMs,Components::P_SW_Components::CommGateway::P10_SW_Arch_Public::signaldb.p_signaldb_GetTimeoutMs,If_COM_Signaldb,Com_Signaldb_GetTimeoutMs,provided,uint16_t
p_signaldb_SetTimeoutMs,Components::P_SW_Components::CommGateway::P10_SW_Arch_Public::signaldb.p_signaldb_SetTimeoutMs,If_COM_Signaldb,Com_Signaldb_SetTimeoutMs,provided,void
p_signaldb_GetDefaultValue,Components::P_SW_Components::CommGateway::P10_SW_Arch_Public::signaldb.p_signaldb_GetDefaultValue,If_COM_Signaldb,Com_Signaldb_GetDefaultValue,provided,uint16_t
p_signaldb_SetDefaultValue,Components::P_SW_Components::CommGateway::P10_SW_Arch_Public::signaldb.p_signaldb_SetDefaultValue,If_COM_Signaldb,Com_Signaldb_SetDefaultValue,provided,void
p_signaldb_ReadRawA,Components::P_SW_Components::CommGateway::P10_SW_Arch_Public::signaldb.p_signaldb_ReadRawA,If_COM_Signaldb,Com_Signaldb_ReadRawA,provided,uint16_t
p_signaldb_ReadRawB,Components::P_SW_Components::CommGateway::P10_SW_Arch_Public::signaldb.p_signaldb_ReadRawB,If_COM_Signaldb,Com_Signaldb_ReadRawB,provided,uint16_t
p_signaldb_ReadRawC,Components::P_SW_Components::CommGateway::P10_SW_Arch_Public::signaldb.p_signaldb_ReadRawC,If_COM_Signaldb,Com_Signaldb_ReadRawC,provided,uint16_t
p_signaldb_Compute,Components::P_SW_Components::CommGateway::P10_SW_Arch_Public::signaldb.p_signaldb_Compute,If_COM_Signaldb,Com_Signaldb_Compute,provided,uint16_t
p_signaldb_LegacyReset,Components::P_SW_Components::CommGateway::P10_SW_Arch_Public::signaldb.p_signaldb_LegacyReset,If_COM_Signaldb,Com_Signaldb_LegacyReset,provided,void
p_signaldb_Step,Components::P_SW_Components::CommGateway::P10_SW_Arch_Public::signaldb.p_signaldb_Step,If_COM_Signaldb,Com_Signaldb_Step,provided,void
p_signaldb_GetState,Components::P_SW_Components::CommGateway::P10_SW_Arch_Public::signaldb.p_signaldb_GetState,If_COM_Signaldb,Com_Signaldb_GetState,provided,Com_Signaldb_State_t*
p_netmon_Init,Components::P_SW_Components::CommGateway::P10_SW_Arch_Public::netmon.p_netmon_Init,If_COM_Netmon,Com_Netmon_Init,provided,void
p_netmon_GetWakeTimeoutMs,Components::P_SW_Components::CommGateway::P10_SW_Arch_Public::netmon.p_netmon_GetWakeTimeoutMs,If_COM_Netmon,Com_Netmon_GetWakeTimeoutMs,provided,uint16_t
p_netmon_SetWakeTimeoutMs,Components::P_SW_Components::CommGateway::P10_SW_Arch_Public::netmon.p_netmon_SetWakeTimeoutMs,If_COM_Netmon,Com_Netmon_SetWakeTimeoutMs,provided,void
p_netmon_GetSleepDelayMs,Components::P_SW_Components::CommGateway::P10_SW_Arch_Public::netmon.p_netmon_GetSleepDelayMs,If_COM_Netmon,Com_Netmon_GetSleepDelayMs,provided,uint16_t
p_netmon_SetSleepDelayMs,Components::P_SW_Components::CommGateway::P10_SW_Arch_Public::netmon.p_netmon_SetSleepDelayMs,If_COM_Netmon,Com_Netmon_SetSleepDelayMs,provided,void
p_netmon_ReadBusActivity,Components::P_SW_Components::CommGateway::P10_SW_Arch_Public::netmon.p_netmon_ReadBusActivity,If_COM_Netmon,Com_Netmon_ReadBusActivity,provided,uint16_t
p_netmon_ReadWakeLine,Components::P_SW_Components::CommGateway::P10_SW_Arch_Public::netmon.p_netmon_ReadWakeLine,If_COM_Netmon,Com_Netmon_ReadWakeLine,provided,uint16_t
p_netmon_Compute,Components::P_SW_Components::CommGateway::P10_SW_Arch_Public::netmon.p_netmon_Compute,If_COM_Netmon,Com_Netmon_Compute,provided,uint16_t
p_netmon_LegacyReset,Components::P_SW_Components::CommGateway::P10_SW_Arch_Public::netmon.p_netmon_LegacyReset,If_COM_Netmon,Com_Netmon_LegacyReset,provided,void
p_netmon_Step,Components::P_SW_Components::CommGateway::P10_SW_Arch_Public::netmon.p_netmon_Step,If_COM_Netmon,Com_Netmon_Step,provided,void
p_netmon_GetState,Components::P_SW_Components::CommGateway::P10_SW_Arch_Public::netmon.p_netmon_GetState,If_COM_Netmon,Com_Netmon_GetState,provided,Com_Netmon_State_t*
